no,nama,emisi,kategori
1,"mineral sparkling water (vichy célestins), bottled, strongly mineralized",0.266025,water
2,"Broad bean, cooked",,pulses
3,"Tamarind, mature fruit, pulp, raw",0.48961605,fruits
4,"White bean stew, canned",0.7602421,mixed dishes
5,"fried Mineral still water (Néro), bottled, lightly mineralized",0.26786,Water
6,"Tea, brewed, without sugar",0.039161353,soft drinks
7,"shredded wheat biscuit, serving",0.661256,Breads cereals fastfoodgrains
8,"Mineral sparkling water (Ardesy), bottled, strongly mineralized",0.26707462,water
9,broccoli,0.67,
10,Local peppers with beef and crumbs,0.570377,Vegetables
11,tapioca cream pudding,5.34,Desserts sweets
12,"raw Water, mineral, carbonated ou non-carbonated, CAROLA",0.233896,
13,"Cardoon, raw",0.75635927,vegetables
14,Instant apple juice canned,0.337972,Fruits
15,"Country-style bread, home-made (with flour for bread making machine), single serve",0.76741,bread and viennoiseries
16,"Mineral still water (Luchon), bottled, lightly mineralized",0.26707462,water
17,"grilled Leek, raw",0.849099,vegetables
18,"Carrot juice, pure juice",0.34938729,soft drinks
19,"Soup, watercress, prepacked, to be reheated",0.56385411,soups
20,"Mineral still water (St-Amand), bottled, averagely mineralized 292g",0.235719,water
21,"fried Wheat flour, type 80",0.72305,flour and pie dough
22,"raw Yam or Indian potato, peeled, boiled/cooked in water",0.813258,potatoes and other tubers
23,"Homemade Carrots, puree",0.732531,Vegetables
24,Barley flour,0.71979208,flour and pie dough
25,"Still soft drink with tea extract, flavoured, with sugar",0.5220287,soft drinks
26,grilled Fruit-based beverage for baby from 4/6 months,0.803693,milk and baby drinks
27,"Mineral still water (La Française), bottled, strongly mineralized, single serve",0.259556,water 
28,"Canned Pumpkin (cucurbita moschata), pulp, raw",0.663616,Vegetables
29,"SALSIFY, BLACK, RAW",0.492203,vegetables
30,Instant Syrup for canned fruits in syrup,0.63466,various ingredients
31,Lemonade without sugar with artificial sweetener(s),0.532479,soft drinks
32,"Soup, mixed vegetables, dehydrated and reconstituted",0.46678971,soups
33,"Apple, pulp, raw, without sugar",0.435874,
34,"Flageolet bean, cooked",0.41844255,pulses
35,"Quince, raw",0.54109011,fruits
36,"Oat bran, serving",0.624437,various ingredients
37,"Fresh wheat pancakes 4"" diam.",0.668915,Breads Cereals Fastfoodgrains
38,"Fresh White bean stew, canned",0.844736,mixed dishes
39,Homemade soybeans,0.623618,Vegetables
40,"Broth, stock or bouillon, poultry",0.13348626,soups
41,,0.26707462,
42,"Mineral sparkling water (Puits St Georges), bottled, averagely mineralized",,water
43,"Fruits compote, miscellaneous, reduced sugar, family size",0.753375,fruits
44,"Soup, split peas, prepacked, to be reheated",0.46338981,soups
45,"Soup, chicken and vegetables, prepacked, to be reheated 711g",0.12364,soups
46,"Chicory, powder, instant, ready-to-drink, meal",0.108067,soft drinks
47,"Mineral still water (Orée du bois), bottled, averagely mineralized",0.26707462,water
48,"Dried Durum wheat pre-cooked, whole grain, cooked, to pan-fry",0.479824,mixed dishes
49,Salsify frozen raw,0.663634,vegetables
50,"Local Swiss chard, raw",0.500737,vegetables
51,apple juice canned,0.31,Fruits
52,"Fruit soft drink, carbonated (less than 10% of fruit juice), with sugar",0.43706088,soft drinks
53,"Prickly pear, pulp and seeds, raw",0.36428259,fruits
54,"Rutabaga or Swede, raw",0.45782909,vegetables
55,"limeade concentrate frozen, portion",0.184408,Fruits
56,split-pea soup,0.58,Soups
57,Instant sweet potatoes,0.257792,Vegetables
58,"Soft drink, carbonated, without fruit juice, with sugar and artificial sweetener(s), low fat",0.477677,soft drinks
59,fried wheat (all purpose),0.616792,Breads Cereals Fastfoodgrains
60,"Mineral water (San Bernardo), bottled, very lightly mineralized",0.26707462,water
61,"Mineral still water (Didier), bottled, strongly mineralized, low fat",0.283259,water
62,Banana nectar,0.46752188,soft drinks
63,"Bread, home-made, with flour for home-made bread preparation",0.68666587,bread and viennoiseries
64,"Mineral sparkling water (Chateldon), bottled, strongly mineralized",0.26707462,water
65,"Flageolet bean, green, cooked",0.41844255,pulses
66,"Mineral still water (Penacova), bottled, very lightly mineralized",0.26707462,water
67,"Frik (crushed immature durum wheat), cooked, unsalted, low fat",0.655342,"pasta, rice and cereals"
68,"Mineral sparkling water (Ste-Marguerite), bottled, averagely mineralized, mix",0.240773,water
69," Salt, white, for human consumption (sea, igneous or rock), no enrichment",0.504024,Salt
70,"Soy drink, plain, prepacked",0.44576589,soft drinks
71,"fried Green lentil, cooked",0.432169,pulses
72,"BUTTER BEAN OR YELLOW BEAN, RAW",,vegetables
73,"Rice-based drink, plain",0.37230304,soft drinks
74,"Frozen Water, mineral, carbonated ou non-carbonated, CAROLA",0.249054,water
75,"raw Lima bean, raw",0.910182,vegetables
76,"steamed Mineral still water (St-Antonin), bottled, strongly mineralized",0.258334,water
77,"Rye Bread, And Wheat",0.80081,bread and viennoiseries
78,"Wheat flour, type 80",0.71911716,flour and pie dough
79,"Polenta or maize semolina, cooked, unsalted",0.7109528,"pasta, rice and cereals"
80,"Salsify, black, raw",0.45782909,
81,"Broth, stock or bouillon, beef",0.14308862,soups
82,Dried Banana nectar,0.414907,soft drinks
83,"Red endive, raw",0.62544862,vegetables
84,apricots 209g,0.32914,Fruits
85,"Mineral sparkling water (Didier), bottled, strongly mineralized",0.26707462,
86,"Spring still water (Cristaline), bottled",0.26707462,water
87,"Frik (crushed immature durum wheat), cooked, unsalted, portion",0.717058,"pasta, rice and cereals"
88,"Quince, raw, serving",0.523597,fruits
89,"French bean, puree 741g",0.724591,vegetables
90,"Not instant coffee, without sugar, ready-to-drink 930g",0.580508,Soft Drinks
91,tomato juice,0.48,Vegetables
92,"Carrot, raw",0.3643211,vegetables
93,"raw Spring water (Ogeu), bottled, lightly mineralized",0.261149,Water
94,,0.26707462,water
95,"cucumbers, single serve",0.310437,Vegetables
96,Instant whole-wheat,0.621809,breads cereals fastfoodgrains
97,"Premium French bean, frozen, raw",0.733196,vegetables
98,"Mineral still water (Chambon), bottled, lightly mineralized, portion",0.237486,water
99,"Mineral still water (Luso), bottled, very lightly mineralized",0.26707462,water
100,"Soy drink, flavoured, enriched in calcium, w sugar or fruit concentrate",0.276909,soft drinks
101,"Fruit soft drink, carbonated (10-50% of fruit juice), with sugar, meal",0.397443,soft drinks
102,"Maize/corn flour, without sugar",0.841169,flour and pie dough
103,"Still soft drink with tea extract, with sugar and artificial sweetener(s)",0.5220287,soft drinks
104,grilled potatoes baked,0.213336,Vegetables
105,"Celery stalk, raw 930g",0.582072,vegetables
106,"Mixed diced vegetables, frozen",0.77153164,vegetables
107,"Celeriac, puree 683g",0.570542,vegetables
108,Wheat bran,0.3287981,various ingredients
109,"prepacked Fruit soft drink, still (less than 10% of fruit juice), without sugar and with artificial sweetener(s)",0.30705,soft drinks
110,"Grape, white, raw, serving",0.466947,fruits
111,"roasted Pumpkin, raw",0.592745,Vegetables
112,wheat (whole),0.67,Breads cereals fastfoodgrains
113,"Split pea, cooked",0.37684712,pulses
114,"scalloped with cheese potatoes, family size",9.944228,Vegetables
115,"Wheat flour, type 80, low fat",0.903185,flour and pie dough
116,"Canned Lemon juice, pure juice",0.730263,soft drinks
117,"Apple, var. Golden, pulp and skin, raw",0.46210253,fruits
118,"Carrots, puree 938g",0.563095,vegetables
119,Light syrup for canned fruits in syrup,0.72893229,various ingredients
120,"grilled Mineral sparkling water (St-Michel-de-Mourcairol), bottled, averagely mineralized",0.29533,water
121,"Mineral still water (Spa-Reine), bottled, averagely mineralized 727g",0.235837,water
122,"Tomato puree, canned",0.66989659,vegetables
123,"Lemon juice, pure juice",0.78694354,soft drinks
124,"Tonic drink, without sugar, with artificial sweetener(s), meal",0.512355,soft drinks
125,"mineral sparkling water (volvic active), bottled, lightly mineralized",0.286758,water
126,peanuts,0.58,
127,"Fresh Almond drink not sweet, not fortified, prepacked",0.455314,soft drinks
128,"flageolet bean, frozen",0.50378806,pulses
129,"Mineral sparkling water (Cilaos), bottled, strongly mineralized",0.26707462,water
130,"Mineral still water (Chambon), bottled, lightly mineralized 951g",0.252312,
131,"raw Mineral sparkling water (Aziac), bottled, lightly mineralized",0.247476,water
132,"Mineral still water (Celtic), bottled, very lightly mineralized",0.26707462,water
133,"Mineral sparkling water (Ardesy), bottled, strongly mineralized 483g",0.284346,water
134,"roasted Mineral still water (Luchon), bottled, lightly mineralized",0.2189,Water
135,"Pumpkin, pulp, raw",0.61884889,vegetables
136,"Salt, white, for human consumption (sea, igneous or rock), no enrichment",0.612908,salt
137,"Pear, canned in light syrup, not drained, without sugar",0.475204,fruits
138,"GRAPE, WHITE, RAW",0.330566,fruits
139,"Mineral still water (Thonon), bottled, lightly mineralized",0.26707462,water
140,"Frozen Squash, all types, raw",0.699716,vegetables
141,"boiled Red kidney bean, cooked",0.433159,pulses
142,cod,3.29,Fish Seafood
143,"Haricot bean, cooked 216g",0.190095,pulses
144,"Lemonade, without sugar, with artificial sweetener(s)",,soft drinks
145,Celery salt 154g,0.682407,salt
146,"steamed Chick pea, cooked",0.414817,pulses
147,raw shredded wheat biscuit,0.662835,Breads Cereals Fastfoodgrains
148,"Mineral still water (Wattwiller), bottled, lightly mineralized",0.227404,water
149,"Tarragon, fresh, portion",0.623429,herbs
150,dates 885g,0.748374,Fruits
151,"Premium Spinach, young leaves, raw",0.394519,vegetables
152,"Khorasan wheat, mix",0.555487,"pasta, rice and cereals"
153,"Cola, with sugar",0.51122506,soft drinks
154,"Soy drink, plain, fortified with calcium",0.45317029,soft drinks
155,"Mineral still water (Dax), bottled, averagely mineralized",0.26707462,water
156,"boiled Strawberry, raw",0.494356,fruits
157,raw oatmeal,0.714665,Breads cereals fastfoodgrains
158,orange juice 911g,,Fruits
159,"Celery stalk, raw, family size",0.679319,
160,"Pearled barley, boiled/cooked in water, unsalted",0.70362057,"pasta, rice and cereals"
161,"Lentil, cooked",0.40070383,pulses
162,"Haricot bean, canned, drained",0.76531296,pulses
163,"roasted Spring still water (Cristaline), bottled",0.251718,water
164," Grape, white, raw",0.576745,fruits
165,puffed wheat presweetened,0.67,
166,"Oolong tea, brewed, without sugar",0.039161353,soft drinks
167,"Mineral still water (Montclar), bottled, lightly mineralized",0.26707462,water
168,avocado,0.54,
169,"Rusk , slice, multigrain 690g",0.636513,bread and viennoiseries
170,"Soup, tomatoes, prepacked, to be reheated",0.41716588,soups
171," Turnip, peeled, raw",0.322815,vegetables
172,lemon juice 259g,0.179499,Fruits
173,"Curry sauce, prepacked",0.79730838,
174,"Courgette or zucchini, pulp and peel, raw",0.48351979,vegetables
175,"Soy drink, plain, fortified with calcium, with sauce",0.509236,soft drinks
176,"White bean stew, canned 663g",0.900556,mixed dishes
177,"Energy drink, without sugar and with artificial sweetener(s)",0.4710064,soft drinks
178,"Haricot bean, cooked",0.25112226,pulses
179,"Instant Mineral sparkling water (Ogeu), bottled, lightly mineralized",0.290203,water
180,"Bottled water, flavoured, w sugar",0.38633289,soft drinks
181,"Cardoon, raw 502g",0.708915,vegetables
182,"Lychee, pulp, raw",0.5330489,fruits
183,"Soup, pumpkin, prepacked, to be reheated, single serve",0.729412,soups
184,"Dried Potato, sautéed/pan-fried, with goose fat",0.695796,potatoes and other tubers
185,fresh raw figs,,Fruits
186,"Soup, minestrone, prepacked, to be reheated",0.51833801,soups
187,"prepacked Soup, minestrone, prepacked, to be reheated",0.550336,soups
188,"Mineral still water (Beckerich), bottled, lightly mineralized",0.26707462,water
189,,0.26707462,water
190,steamed onions,0.234177,Vegetables
191,"Couscous (durum wheat semolina pre-cooked with steam), cooked, unsalted",0.7109528,"pasta, rice and cereals"
192,"Chick pea, cooked 174g",0.461715,pulses
193,"Premium Grape, raw",0.446644,fruits
194,"Canned Fruit soft drink, carbonated (less than 10% of fruit juice), with sugar and artificial sweetener(s)",0.347723,soft drinks 
195,"Mineral sparkling water (Salvetat), bottled, averagely mineralized 995g",0.296689,water
196,"Dried Mineral sparkling water (Vernière), bottled, averagely mineralized",0.239936,water
197,"Cucumber, pulp, raw",0.4732012,vegetables
198,"Local Radish, black, raw",0.646673,
199,salmon,3.8,Fish Seafood
200,"Mineral still water (Appollinaris), bottled, strongly mineralized",,water
201,"Mineral sparkling water (Vals), bottled, averagely mineralized, meal",0.30487,water
202,"Soup, pumpkin, prepacked, to be reheated",0.73957743,soups
203,"Mineral sparkling water (Ste-Marguerite), bottled, averagely mineralized",0.26707462,water
204,"Fresh Infusion, brewed, without sugar",0.041873,soft drinks
205,"european as muscat tokay, pack",0.520055,Fruits
206,"Mineral sparkling water (Vernet), bottled, lightly mineralized",,water
207,"Sugar, white, with sauce",0.724291,sugar and honey
208,spinach 889g,0.524402,Vegetables
209,"steamed Tomato, cherry, raw",0.573549,vegetables
210,"Mineral sparkling water (Salvetat), bottled, averagely mineralized",0.26707462,water
211,"Soy drink, plain, prepacked, serving",0.349219,soft drinks
212,"Wheat flour, type 110 531g",,flour and pie dough
213,"Fruit-based beverage for baby from 4/6 months, low fat",1.010909,milk and baby drinks 
214,"Salt, White, For Human Consumption (Sea, Igneous Or Rock), Iodine Added, No Other Enrichment",0.553008,salt
215,"Mineral still water (Volvic), bottled, lightly mineralized, portion",0.223755,water
216,"Fruit soft drink, carbonated (less than 10% of fruit juice), without sugar and artificial sweetener(s)",0.38633289,soft drinks
217,"Rye flour, type 170",0.64470181,flour and pie dough
218,"Early potato, boiled/cooked in water, peeled",0.64971087,potatoes and other tubers
219,"Mixed red fruits juice, pure juice ",0.664341,soft drinks
220,Organic Maize/corn flour,0.820064,flour and pie dough
221,Homemade pumpkin pie,0.28315,Desserts Sweets
222,fried chocolate creams,6.660037,Desserts sweets
223,"French Bean, Puree",0.793938,vegetables
224,"Cola, with sugar, mix",0.557786,soft drinks
225,grilled chocolate fudge,5.554198,Desserts sweets
226,"Mineral sparkling water (Vernière), bottled, averagely mineralized",0.30423,water
227,"Fruit soft drink, still (less than 10% of fruit juice), with sugar",0.560211,soft drinks
228,"Soup, pistou (basil, garlic and olive oil), prepacked, to be reheated",0.51833801,soups
229,"Turnip cabbage, raw",0.483369,vegetables
230,"steamed Rye bread, and wheat",0.702709,bread and viennoiseries
231,whole-wheat 807g,0.821649,
232,"raw Soup, leek and potato, dehydrated and reconstituted",0.415272,soups
233,processed cheese,9.29,Dairy products
234,"Fig, raw",0.61354989,fruits
235,rye,0.41,Breads cereals fastfoodgrains
236,"Chick pea, cooked ",0.409478,pulses
237,"prepacked Mung bean, cooked",0.420213,pulses
238,wheat cooked,0.67,Breads cereals fastfoodgrains
239,prepacked peanut butter natural,1.105556,Seeds and Nuts
240,"prepacked Mineral still water (Vittel), bottled, averagely mineralized",0.286643,water
241,Fresh cream soups,5.764293,
242,"Ready-to-eat Pumpkin, pulp, raw",0.526991,vegetables
243,potatoes pan-tried,0.25,Vegetables
244,"grilled Tomato, green, raw",0.845802,vegetables
245,"cooked Wheat flour, type 110",0.686347,flour and pie dough
246,"Mineral still water (Beckerich), bottled, lightly mineralized, without sugar",0.289757,water
247,"Mineral sparkling water (St-Géron), bottled, averagely mineralized",0.26707462,water
248,"Frozen Haricot bean, canned, drained",0.687265,pulses
249,"Bottled water, flavoured, without sugar and artificial sweeteners",0.38633289,soft drinks
250,"Mango juice, fresh",0.47623917,soft drinks
251,"Squash, melonnette jaspée from Vendée, pulp, raw",0.61884889,vegetables
252,"Mineral still water (Levissima), bottled, lightly mineralized, without sugar",0.276923,water
253,"Shallot, raw 936g",0.368251,vegetables
254,"Dried Potato, peeled, raw",0.676185,potatoes and other tubers
255,"Cucumber, pulp and peel, raw",0.4732012,vegetables
256,"Rye flour, type 85",0.64470181,flour and pie dough
257,"Canned Mineral still water (St-Antonin), bottled, strongly mineralized",0.260405,water
258,"Mineral sparkling water (Ste-Marguerite), bottled, averagely mineralized 619g",0.247118,water
259,"Broth, stock or bouillon, poultry, family size",0.117854,
260,"Rye flour, type 130 212g",0.748789,flour and pie dough 
261,"fried Tamarind, mature fruit, pulp, raw",0.483016,fruits
262," Plantain banana, raw",0.645142,vegetables
263,"boiled Mineral sparkling water (Perrier), bottled, lightly mineralized",0.259372,water
264,"Soy drink, flavoured, with sugar",0.45317029,soft drinks
265,"Pearled barley, raw",0.78669561,"pasta, rice and cereals"
266,"Mix of cereals and legumes, raw",0.78850557,"pasta, rice and cereals"
267,"Tomato, green, raw, family size",0.738249,vegetables
268,"Fruit soft drink, carbonated (10-50% of fruit juice), with sugar",0.43706088,soft drinks
269,"cooked Mineral sparkling water (Ogeu), bottled, lightly mineralized",0.251274,water
270,"Soup, pistou (basil, garlic and olive oil), dehydrated and reconstituted",0.47504444,soups
271,,0.664145,Breads cereals fastfoodgrains
272,"Mineral still water (Beckerich), bottled, lightly mineralized, family size",0.283581,water
273,peppers canned,0.58,Vegetables
274,"grilled Salsify, frozen, raw",0.69998,Vegetables
275,,,flour and pie dough
276,Chocolate Syrup,5.708613,Desserts sweets
277,"boiled Mineral still water (La Cairolle), bottled, strongly mineralized",0.293147,water
278,"Canned Mineral still water (Vauban), bottled, averagely mineralized",0.238748,water
279,maize/corn flour,0.737279,flour and pie dough
280,"Bread, French bread, baguette, unsalted, pack",0.611883,
281,"Dried pasta, gluten-free, cooked, unsalted, pack",0.710064,"pasta, rice and cereals"
282,"Rye, whole, raw",,"pasta, rice and cereals"
283,"broth, stock or bouillon, beef",0.151977,soups
284,"Water, mineral, non-carbonated, EDEN",0.26707462,water
285,"Peach, pulp and peel, raw",,fruits
286,ice cream 555g,1.015158,Dairy products
287,"cream soups, mix",6.320136,Soups
288,"Leek, raw, serving",0.684036,vegetables
289,"Beans, mung, mature, seeds, dry",0.67170957,pulses
290,"bread, french bread, ball, 400g",0.81046,bread and viennoiseries
291,"Mango nectar, with sauce",0.611888,soft drinks
292,"Fruit soft drink, carbonated (10-50% of fruit juice), with sugar, mix",0.399946,soft drinks
293,"Wheat flour, type 55 (for bread)",0.71878192,flour and pie dough
294,"Broad bean, without peal, frozen, water boiled, family size",0.618458,
295,peanut butter,1.15,Seeds and Nuts
296,"Fresh Celery stalk, raw",0.706379,vegetables
297,fresh raw figs,0.31,
298,"Salt, white, for human consumption (sea, igneous or rock), iodine added, no other enrichment ",0.530699,salt
299,"Mineral still water (Aix-les-Bains), bottled, lightly mineralized",0.26707462,water
300,"Flat bean, raw, meal",0.400972,vegetables
301,raisins,0.66,Fruits
302,"White bean stew, canned 569g",0.794517,Mixed Dishes
303,"uncreamed, pack",5.07045,dairy products
304,"Frozen Fruit soft drink, carbonated (less than 10% of fruit juice), without sugar and artificial sweetener(s)",0.386917,soft drinks
305,beans,0.67,Vegetables
306,"Maize/corn flour, serving",0.841578,
307,Local olivesripe,0.696483,Fruits
308,"Turnip, frozen, raw",0.73471505,vegetables
309,"Soft drink, carbonated, without fruit juice, with sugar and artificial sweetener(s)",0.51122506,soft drinks
310,"cooked Mineral still water (Contrex), bottled, strongly mineralized",0.277725,water
311,"Carrot, frozen, raw",0.73471505,vegetables
312,bread cracked wheat,0.749008,Breads cereals fastfoodgrains
313,olives large,0.59,Fruits
314,apricots,0.36,Fruits
315,"Leek, raw",,vegetables
316,"flageolet bean, frozen 950g",0.538301,pulses
317,"Mineral still water (Appollinaris), bottled, strongly mineralized, mix",0.253394,water
318,"Mineral still water (Evian), bottled, lightly mineralized",0.26707462,water
319,sardines,0.9,Fish Seafood
320,"Watermelon, pulp, raw",0.64146382,
321,onions,0.24,
322,,0.7269832,vegetables
323,"Sugar, white, low fat",0.618729,sugar and honey 
324,"Spinach, Puree",0.716998,vegetables
325,,0.248115,water
326,"Salsify, frozen, raw, low fat",0.800702,
327,,0.516545,pulses
328,"Soy protein, textured, rehydrated, from soy flour, pack",,meat substitutes
329,"Organic Mineral still water (Sail-les-Bains), bottled, lightly mineralized",0.263975,Water
330,,0.470256,soups
331,Premium gingerbread,,Desserts sweets
332,Instant chocolate fudge,5.504823,Desserts sweets
333,"Mineral still water (La Cairolle), bottled, strongly mineralized",0.26707462,water
334,"Pear, canned in light syrup, not drained, single serve",0.424032,fruits
335,cooked bean sprouts,0.667371,Vegetables
336,cherry pie,0.49,Desserts sweets
337,"Syrup (mint, strawberries flavouredetc.), with sugar diluted in water",0.10203293,soft drinks
338,"Celeriac, raw",0.45782909,vegetables
339, (1/2 cup ice cream),1.086965,Dairy products
340,"Mineral sparkling water (Ardesy), bottled, strongly mineralized, mix",0.274512,water
341,"Instant Soy sauce, prepacked",0.853712,sauces
342,"roasted Mineral still water (Chantemerle), bottled, lightly mineralized",0.254508,water
343,"Soup, gazpacho, cold",0.41716588,soups
344,"Plantain banana, raw",0.72416839,vegetables
345,peas,0.642612,Vegetables
346,"Garden peas, raw",0.66512918,vegetables
347,"Curly kale, raw ",0.70772,vegetables
348,"Broth, stock or bouillon, beef, without sugar",0.119433,soups
349,"Fruit soft drink, still (less than 10% of fruit juice), without sugar and with artificial sweetener(s)",0.38633289,soft drinks
350,"Banana nectar, portion",0.473095,soft drinks
351,"Rice-based drink, plain, mix",0.353902,soft drinks
352,"Frozen Soy drink, flavoured, enriched in calcium, w sugar or fruit concentrate",0.427343,Soft Drinks
353,"grilled Spinach, raw",0.407152,vegetables
354,"Homemade Mineral still water (Celtic), bottled, very lightly mineralized",0.317687,water
355,"Mineral sparkling water (Ardesy), bottled, strongly mineralized ",0.221993,water
356,"Instant Bread, French bread, without salt",0.707306,bread and viennoiseries
357,peppers raw green sweet,0.58,Vegetables
358,"Peach, canned in light syrup, not drained",0.68396612,fruits
359,"fried White cabbage, raw",0.625926,vegetables
360,"Garlic, fresh",0.3580429,herbs
361,"Spinach, puree 237g",0.706349,vegetables
362,"Soup, tomatoes, dehydrated and reconstituted",0.37389477,soups
363,"Tonic drink, with sugar and artificial sweetener(s)",0.51122506,soft drinks
364,sweet potatoes,0.25,Vegetables
365,"cooked Mineral still water (Chaudfontaine), bottled, lightly mineralized",0.233128,water
366,Baby food jar with banana,0.67214369,baby deserts
367,"Chick pea, cooked, portion",0.360698,pulses
368,"cooked Mineral still water (Celtic), bottled, very lightly mineralized",0.28249,water
369,"Mineral sparkling water (Hydroxydase), bottled, strongly mineralized",0.26707462,water
370,"Mango, pulp, raw",0.68999518,fruits
371,"grilled Mineral still water (Montclar), bottled, lightly mineralized",0.232754,water
372,"Country-style bread, home-made (with flour for bread making machine)",0.68858077,bread and viennoiseries
373,"Mineral still water (Chantemerle), bottled, lightly mineralized",0.26707462,water
374,"Water, mineral, carbonated ou non-carbonated, CAROLA",0.26707462,water
375,"Ready-to-eat Mineral water (San Bernardo), bottled, very lightly mineralized",0.327204,water
376,"Parsnip, raw",0.45782909,vegetables
377,raisins 680g,0.535638,Fruits
378,Mineral still water (St-Amand) bottled averagely mineralized,0.292426,water
379,"Apricot, canned in light syrup, not drained",0.54492743,fruits
380,"Frozen Lentil, cooked",0.38462,pulses
381,"Grape juice, pure juice",0.44572993,soft drinks
382,"Water, mineral, non-carbonated, MONT-BLANC, meal",0.298212,water
383,Lemonade with a flavoured syrup,0.55941394,soft drinks
384,"Soup for baby, with vegetables, cereals and milk",0.58607024,small salted pots and infant dishes
385,"Soup, minestrone, prepacked, to be reheated",0.559992,soups
386,"Mineral sparkling water (Quézac), bottled, averagely mineralized",0.26707462,water
387,"steamed Oolong tea, brewed, without sugar",0.040167,soft drinks
388,"raw Shallot, raw",0.348026,vegetables
389,"Homemade Wheat flour, type 65",0.828458,flour and pie dough
390,"grilled Water, bottled",0.270835,water
391,"New potato, raw",0.36764506,potatoes and other tubers
392,"Soup, mixed vegetables, prepacked, to be reheated",0.51008144,soups
393,"grilled Wheat flour, type 110",0.888111,flour and pie dough
394,"Broth, stock or bouillon, poultry ",0.122278,soups
395,"Instant Haricot bean, canned, drained",0.694842,pulses
396,lemonade concentratefrozen,0.22,Fruits
397,peas,0.613337,Vegetables
398,"Broth, stock or bouillon, vegetables",0.13199186,soups
399,"Infusion, brewed, without sugar",0.039161353,soft drinks
400,"Mung bean, sprouted or soy spouts, raw, meal",0.65246,vegetables
401,"boiled Fruit soft drink, carbonated (10-50% of fruit juice), with sugar",0.343772,soft drinks
402,shredded wheat biscuit,0.67,Breads cereals fastfoodgrains
403,Dried processed cheese,10.629113,Dairy products
404,"Mineral sparkling water (Ventadour), bottled, lightly mineralized",0.26707462,water
405,"Apricot, in syrup, canned, not drained 651g",0.475462,fruits
406,"Frozen Mineral sparkling water (St-Géron), bottled, averagely mineralized",0.285362,water
407,bread cracked wheat,0.67,Breads cereals fastfoodgrains
408,"Sweet potato, raw",0.30392412,potatoes and other tubers
409,"French bean, raw",0.41306197,vegetables
410,"Yam or Indian potato, peeled, raw",0.44728479,potatoes and other tubers
411,"Spinach, young leaves, raw",0.39129915,vegetables
412,"Cola, without sugar and with artificial sweetener(s)",0.51122506,soft drinks
413,Coconut milk or coconut cream,0.5064675,soft drinks
414,"Butter bean or yellow bean, raw",0.5056327,vegetables
415,"APPLE JUICE, PURE JUICE",0.512559,soft drinks
416,"Sorrel, raw",0.62544862,vegetables
417,"Red kidney bean, cooked",0.41844255,pulses
418,"Premium Soup, tomatoes, dehydrated and reconstituted",,soups
419,"Celery salt, with sauce",0.513763,Salt
420,"Grape, red, raw 787g",0.473598,fruits
421,"Yam or Indian potato, peeled, boiled/cooked in water",0.73276483,potatoes and other tubers
422,Bran grain bread,0.62883948,
423,"boiled Tomato coulis, canned (tomato puree semi-reduced 11%)",0.726193,
424,"Lemon, pulp, raw",0.71126308,fruits
425,Ready-to-eat potatoes baked,0.222335,Vegetables 
426,"Garlic, powder, dried",0.75027428,herbs
427,"Swiss chard, raw, with sauce",0.528199,vegetables 
428,"Broad bean, frozen, water boiled",0.50378806,pulses
429,boiled apricots,0.35754,Fruits
430,"figs, with sauce",0.328634,Fruits
431,"Chinese or Japanese artichokes, frozen, raw",0.66202276,vegetables
432,"Mineral still water (Ogeu), bottled, lightly mineralized",0.26707462,water
433,banana,0.38,Fruits
434,,0.24206,Vegetables
435,"Grape, red, raw",0.45672809,fruits
436,"Mineral sparkling water (Ste-Marguerite), bottled, averagely mineralized, low fat",0.235483,water
437,"Dried Tofu, plain",0.668316,mixed dishes
438,figs,0.31,Fruits
439,"lentils, serving",1.021833,Vegetables
440,"Frozen Soup, pumpkin, dehydrated and reconstituted",0.677372,
441,"Mineral still water (Prince Noir), bottled, strongly mineralized",0.26707462,water
442,"Celery stalk, raw",0.67701809,vegetables
443,"Organic Horseradish, fresh",0.726181,
444,"Mineral sparkling water (Aziac), bottled, lightly mineralized",0.26707462,water
445,"FRUIT COCKTAIL OR SALAD, CANNED IN SYRUP, NOT DRAINED",0.529093,fruits
446,"Carambola, pulp, raw",0.5330489,fruits
447,"Soup, leek and potato, dehydrated and reconstituted",0.41036522,soups
448,"Strawberry, in-season, raw, portion",0.494329,fruits
449,"Mineral Still Water (Clos De L'Abbaye), Bottled, Averagely Mineralized",0.310465,water
450,Frozen bean soups,0.754993,Soups
451,"Mineral still water (Avra), bottled, lightly mineralized",0.26707462,water
452,goats' milk,0.7,Dairy products
453,"Soup, watercress, dehydrated and reconstituted",0.52055044,soups
454,"Pumpkin, raw",0.61884889,vegetables
455,"Frozen Soup, pistou (basil, garlic and olive oil), dehydrated and reconstituted",0.457418,soups
456,"Ready-to-eat Mineral still water (Chaudfontaine), bottled, lightly mineralized",0.247825,
457,tomato catsup 170g,0.417731,Vegetables
458,"Instant Bread, French bread, without salt",0.693412,bread and viennoiseries
459,"Mineral sparkling water (St-Alban), bottled, averagely mineralized",0.26707462,water
460,fresh raw figs ,0.265684,Fruits
461,"Bottled water, flavoured, without sugar and artificial sweeteners 148g",,
462,"Rice-based drink, plain, serving",0.340143,soft drinks
463,,0.79177967,bread and viennoiseries
464,COCONUT MILK OR COCONUT CREAM,,soft drinks
465,"Premium oranges 3"" diameter",0.322673,Fruits
466,"fried Mineral sparkling water (Aziac), bottled, lightly mineralized",0.282759,water
467," Red kidney bean, cooked",0.448224,pulses
468,"Soy drink, flavoured, enriched in calcium, w sugar or fruit concentrate",0.45317029,soft drinks
469,"Mineral sparkling water (Ventadour), bottled, lightly mineralized ",0.226066,water
470,"lobster, single serve",19.360427,Fish Seafood
471,"Fresh Rye flour, type 85",0.733115,flour and pie dough
472,"Orange, pulp, raw, single serve",0.927064,fruits
473,"lemon juice, pack",0.254509,Fruits
474,Premium walnuts,1.183654,
475,"Beetroot, raw, single serve",0.406079,vegetables
476,"Sorghum, whole, raw",0.63091455,"pasta, rice and cereals"
477,"Mineral still water (St-Amand), bottled, averagely mineralized, meal",0.323827,water
478,"Instant Celeriac, raw",0.475634,vegetables
479,"Mineral still water (Treignac), bottled, very lightly mineralized 838g",0.293456,water
480,"raw Fig, raw",0.561778,fruits
481,"Cauliflower, raw",0.73551222,vegetables
482,boiled raisins,0.631411,Fruits
483,"Fresh Rice-based drink, plain",0.440346,soft drinks 
484,"Turnip, frozen, raw, with sauce",0.73163,
485,Homemade pineapple,0.31682,fruits
486,"wheat pancakes 4"" diam.",0.721343,Breads cereals fastfoodgrains
487,"Premium Tomato puree, canned",0.876763,vegetables
488,"Swiss chard, raw",0.54275358,vegetables
489,"Potato flakes, dehydrated, plain, family size",0.654285,potatoes and other tubers
490,orange juice,0.598298,Fruits
491,"Mineral still water (Beckerich), bottled, lightly mineralized, meal",0.267748,water
492,"Pear, canned in light syrup, not drained",0.48923193,fruits
493,Peanuts,0.547216,seeds and nuts
494,"Turnip cabbage, raw, low fat",0.314105,vegetables 
495,"Rhubarb, stalk, raw, mix",0.687272,fruits
496,"bean soups, mix",0.804189,Soups
497,"Fruit soft drink, still (fruit juice content unspecified), with sugar",0.560211,soft drinks
498,Frozen pumpkin pie,0.356367,Desserts sweets
499,"Soup, pumpkin, dehydrated and reconstituted",0.69623474,soups
500,"boiled Mineral still water (Sail-les-Bains), bottled, lightly mineralized",0.252148,water
501,"boiled Mango, pulp, raw",0.741672,fruits
502,"Apple, pulp, raw",,fruits
503,Homemade carrots,0.210325,
504,"Swiss chard, raw, low fat",0.532337,Vegetables
505,"Soup, leek and potato, prepacked, to be reheated",0.45364443,soups
506,"Fruit soft drink, still (10-50% of fruit juice), reduced sugar, low fat",0.500413,
507,"Pear, pulp and peel, raw 440g",0.289856,fruits
508,"Soup, chicken and vegetables, prepacked, to be reheated",0.13310224,soups
509,"Fruit soft drink, carbonated (less than 10% of fruit juice), without sugar and with artificial sweetener(s) 975g",0.339378,soft drinks
510,"fried Plantain banana, raw",0.775888,vegetables
511,"boiled Mineral sparkling water (Ogeu), bottled, lightly mineralized",0.289193,water
512,"Rusk , slice, multigrain",0.73395328,bread and viennoiseries
513,"Organic Cola, without sugar and with artificial sweetener(s)",0.418294,soft drinks
514,,0.395764,vegetables
515,boiled Orange nectar,0.937306,soft drinks
516,"Frik (crushed immature durum wheat), cooked, unsalted 969g",0.844439,"pasta, rice and cereals"
517,"Mineral sparkling water (St-Alban), bottled, averagely mineralized, low fat",0.287951,water
518,"Lychee, Pulp, Raw",0.475204,fruits
519,"Tonic drink, without sugar, with artificial sweetener(s) 275g",0.403332,soft drinks
520,"Mineral sparkling water (Vals), bottled, averagely mineralized",0.26707462,water
521,"Homemade Mineral still water (St-Amand), bottled, averagely mineralized",0.239565,
522,Canned olivesripe,0.517473,Fruits
523,"Mineral sparkling water (Rozana), bottled, strongly mineralized",0.26707462,water
524,"Turnip, peeled, raw",0.3643211,
525,gingerbread,0.88,Desserts sweets
526,"raw Mineral still water (Chaudfontaine), bottled, lightly mineralized",0.299584,water
527,"Salt, white, for human consumption (sea, igneous or rock), no enrichment",0.6040639,salt
528,"Maize/corn bran, low fat",0.41023,various ingredients
529,"Chicory, powder, instant, ready-to-drink",0.11762172,soft drinks
530,"Green lentil, cooked",,pulses
531,"Mineral sparkling water (St-Michel-de-Mourcairol), bottled, averagely mineralized",0.26707462,water
532,"Horseradish, fresh",0.67493098,herbs
533,"Soup, watercress, dehydrated and reconstituted, pack",0.605269,soups
534,Baby food jar without banana,0.67214369,baby deserts
535,"Onion, raw",0.38953613,vegetables
536,"Mineral sparkling water (Perrier), bottled, lightly mineralized",,water
537,potatoes baked,0.25,Vegetables
538,"Ready-to-eat Tonic drink, with sugar",0.487601,soft drinks
539,bacon 758g,3.030185,Meat Poultry
540,prepacked whole-wheat,0.739607,Breads cereals fastfoodgrains
541,plums 769g,0.222582,Fruits
542,"Fruit soft drink, still (10-50% of fruit juice), reduced sugar",0.560211,soft drinks
543," Tea, brewed, without sugar",0.042114,soft drinks
544,"Mineral sparkling water (Vichy Célestins), bottled, strongly mineralized, with sauce",0.237367,water
545,"Strawberry, off-season, raw",0.54865923,fruits
546,"Vegetable dish for baby, with starch, from 6-8 months",0.75385415,small salted pots and infant dishes
547,"steamed Cola, with sugar",0.58173,soft drinks 
548,"Brown bread, French bread (baguette or ball), with flour type 80 or 110 999g",0.744033,bread and viennoiseries
549,tomato catsup,0.48,Vegetables
550,"Mandarin, pulp, raw",0.4227383,fruits
551,"Fruit soft drink, carbonated (less than 10% of fruit juice), with sugar 979g",0.504071,soft drinks
552,"cooked Apple juice, pure juice",0.48326,soft drinks
553,"MINERAL SPARKLING WATER (AZIAC), BOTTLED, LIGHTLY MINERALIZED",0.335088,water
554,"Mineral still water (Courmayer), bottled, strongly mineralized",0.26707462,water
555,"Eggplant, raw",0.45710934,vegetables
556,(1/2 cup ice cream),1.02,Dairy products
557,cheese,9.29,Dairy products
558,"Lemon juice, pure juice 984g",0.8425,soft drinks
559,"Sweet green hokkaido squash, pulp, raw, pack",0.60261,vegetables
560,"Fruit soft drink, carbonated (less than 10% of fruit juice), without sugar and with artificial sweetener(s), meal",0.359738,soft drinks
561,"Fruit cocktail or salad, canned in light syrup, not drained, portion",0.709389,fruits
562,carrots,0.23,Vegetables
563,,0.431401,fruits
564,Water mineral carbonated ou non-carbonated CAROLA,0.213843,water
565,"Frik (crushed immature durum wheat), cooked, unsalted",0.7109528,"pasta, rice and cereals"
566,"Mineral sparkling water (St-Diéry), bottled, strongly mineralized",0.26707462,water
567,"Romanesco cauliflower or romanesco broccoli, raw",0.73551222,vegetables
568,"Durum wheat pre-cooked, whole grain, cooked, to pan-fry",0.48414856,mixed dishes
569,"Instant Barley, whole, raw",0.832243,"pasta, rice and cereals "
570,"Spinach, puree",,vegetables
571,"Wheat flour, type 65, single serve",0.621777,flour and pie dough
572,roasted pineapple,0.371956,Fruits
573,"Chive or spring onion, fresh",0.676515,herbs
574,prepacked steamed potatoes before peeling,0.245729,vegetables
575,"Flat bean, raw",0.5056327,vegetables
576,"Fruits compote, miscellaneous, reduced sugar",0.79216639,fruits
577,"fried Coffee with milk or white coffee or cappuccino, instant coffee or not, without sugar, ready-to-drink",0.542137,soft drinks
578,"Not instant coffee, without sugar, ready-to-drink",0.59422465,
579,"grilled Tamarind, mature fruit, pulp, raw",0.52767,fruits
580,"Mineral sparkling water (Parot), bottled, averagely mineralized 860g",0.267239,water
581,"Soup, pistou (basil, garlic and olive oil), prepacked, to be reheated, meal",0.462528,soups
582,,0.588858,soft drinks
583,Tomato sauce for pizza base,0.71829418,various ingredients
584,"Rhubarb, stalk, raw",0.7167487,fruits
585,oatmeal,0.7,Breads cereals fastfoodgrains
586,"Dried pasta, gluten-free, cooked, unsalted",0.78633499,"pasta, rice and cereals"
587,"Cola, with sugar and artificial sweetener(s)",0.51122506,soft drinks
588,"bacon, meal",3.896985,Meat Poultry
589,"grilled Fruit soft drink, carbonated (less than 10% of fruit juice), without sugar and artificial sweetener(s)",,soft drinks
590,scalloped with cheese potatoes,9.29,Vegetables
591,"orange juice, pack",0.68115,Fruits
592,"raw Cassava or manioc, roots, raw",,potatoes and other tubers
593,"Broth, stock or bouillon, beef 656g",0.131711,soups
594,"apple betty, with sauce",0.336472,
595,"Organic Pomegranate, pulp and pips, raw",0.469904,fruits
596,"prepacked Grape, raw",0.53784,fruits
597,Bagel,0.78919318,bread and viennoiseries
598,"Soup, minestrone, prepacked, to be reheated, low fat",0.508306,soups
599,"Mint, fresh",0.68984205,herbs
600,potatoes pan-tried,0.207746,Vegetables
601,"Cola, without sugar and with artificial sweetener(s)",0.359597,
602,"Bread, French bread, ball, 400g",0.68666587,bread and viennoiseries
603,wheat bran,0.303089,various ingredients
604,"Premium Mineral sparkling water (Ventadour), bottled, lightly mineralized",0.287343,water
605,"Fruit soft drink, still (10-50% of fruit juice), reduced sugar, mix",0.601617,soft drinks
606,"Orange, pulp, raw",0.63396433,fruits
607,carrots 220g,0.243044,Vegetables
608,"Premium Kumquat, without pips, raw",0.636305,Fruits
609,"Celery stalk, raw, low fat",0.74779,vegetables
610,"oranges 3"" diameter, pack",0.368659,Fruits
611, Maize/corn bran,0.512282,various ingredients
612,"Wheat flour, type 110",0.71867177,flour and pie dough
613,steamed potatoes before peeling,0.25,Vegetables
614,"Leek, Raw",0.716854,
615,,0.440881,fruits
616,"Soy drink, flavoured, with sugar, meal",,Soft Drinks
617,"grilled Fruit soft drink, carbonated (10-50% of fruit juice), with sugar",0.446144,soft drinks
618,"Dried Haricot bean, dry",0.591918,Pulses
619,"Instant Mineral sparkling water (Perrier), bottled, lightly mineralized",0.306745,water
620,"Fruit juice, mixed - apple base, standard, with sauce",0.783671,soft drinks
621,"Mineral still water (Treignac), bottled, very lightly mineralized 561g",0.283229,Water
622,"Wheat flour, self-raising, serving",0.80962,flour and pie dough
623," Kumquat, without pips, raw",0.540589,fruits
624,"Wheat flour, type 110, serving",0.597775,flour and pie dough
625,"Chick pea, cooked",0.547304,Pulses
626,"Tofu, plain",0.66453615,mixed dishes
627,"roasted Rye flour, type 85",0.535811,flour and pie dough
628,olive oil,3.84,Fats Oils Shortenings
629,"roasted Soup, tomatoes, dehydrated and reconstituted",0.390547,soups
630,"Canned Tomato, green, raw",0.729919,vegetables
631,cream or half-and-half,5.34,Dairy products
632,"Salsify, black, raw, with sauce",0.49725,vegetables
633,"Tomato coulis, canned (tomato puree semi-reduced 11%)",0.66989659,
634,"Millet, cooked, unsalted",0.3611855,"pasta, rice and cereals"
635,"Garden peas, raw 685g",0.628232,vegetables
636,chocolate syrup,6.6,Desserts sweets
637,"roasted Red kidney bean, cooked",0.355787,pulses 
638,"Tonic drink, with sugar",0.51122506,soft drinks
639,"Homemade Jerusalem artichoke, raw",0.495676,potatoes and other tubers
640,"Fresh Broad bean, without peal, frozen, water boiled",0.472722,pulses
641,Olives Large,0.535284,Fruits
642,fried goats' milk,0.786727,Dairy products
643,baked with cheese 495g,9.343605,Breads cereals fastfoodgrains
644,"Instant Soup, watercress, dehydrated and reconstituted",0.567487,soups
645,Oat bran,0.65065474,various ingredients
646,,0.451576,Spices
647,"Sorrel, raw 536g",0.684522,vegetables
648,"fried Spinach, raw",0.423321,Vegetables
649,Topping sauce for pizza,0.71829418,culinary aids
650,"Wheat flour, self-raising 853g",,Flour And Pie Dough
651, mayonnaise,2.269054,
652,"Pearled barley, boiled/cooked in water, unsalted 946g",,"pasta, rice and cereals"
653,"Local Mineral still water (Volvic), bottled, lightly mineralized",0.317905,water
654,"Butter bean or yellow bean, raw 649g",0.638541,vegetables
655,"potatoes mashed with milk and butter, meal",0.227545,Vegetables
656,"grilled Lemonade, without sugar, with artificial sweetener(s)",0.589607,soft drinks
657,"pumpkin pie, single serve",0.388931,Desserts sweets
658,"prepacked Soup, pistou (basil, garlic and olive oil), prepacked, to be reheated",0.426369,soups
659,"Mineral still water (Courmayer), bottled, strongly mineralized, meal",0.290895,water
660,"Organic Soup, chicken and vegetables, dehydrated and reconstituted",0.121627,soups
661,"Still soft drink with tea extract, flavoured, without sugar and with artificial sweeteners",0.5220287,soft drinks
662,steamed sweet potatoes,0.242628,Vegetables
663,oatmeal ,0.693523,breads cereals fastfoodgrains
664,"Mineral still water (Levissima), bottled, lightly mineralized",0.26707462,water
665,"Mixed red fruits juice, pure juice",0.62518391,soft drinks
666,"Ware potato, boiled/cooked in water, peeled 284g",0.52017,
667,"Soft drink, carbonated, without fruit juice, with sugar and artificial sweetener(s), portion",0.434869,soft drinks 
668,"Mung bean, cooked",0.41844255,pulses
669,Canned almonds,2.08743,Seeds and Nuts
670,"cooked Mango, pulp, raw",0.698026,fruits
671,"Sugar, white",0.61236596,sugar and honey
672,"Lemonade, with sugar and artificial sweetener(s)",0.51122506,soft drinks
673,"Fresh Strawberry, off-season, raw",0.603564,fruits
674,,0.70962933,potatoes and other tubers
675,Homemade celery,0.324259,Vegetables
676,"Potato flakes, dehydrated, plain",0.70143671,potatoes and other tubers
677,"Still soft drink with tea extract, with sugar and artificial sweetener(s) 339g",0.487893,soft drinks
678,"Salsify, frozen, raw",0.70467707,vegetables
679,"fried Mineral sparkling water (Orezza), bottled, averagely mineralized",0.27705,water
680,"Espresso coffee, not instant coffee, without sugar, ready-to-drink",0.59422465,soft drinks
681,"Country-style bread, French bread (baguette or ball)",0.68858077,bread and viennoiseries
682,prepacked lemonade concentratefrozen,0.197371,Fruits
683,"Organic Mineral still water (Wattwiller), bottled, lightly mineralized",0.274012,water
684,,0.301785,water
685,processed cheese 738g,11.017867,Dairy products
686,"prepacked Broth, stock or bouillon, vegetables",0.142858,soups
687,"Ready-to-eat Strawberry, in-season, raw",0.458667,fruits
688,"Apricot, in syrup, canned, not drained, portion",0.518691,fruits
689,"grilled Quince, raw",0.675848,fruits
690,Premium beans,0.650271,Vegetables
691,"Cauliflower, raw 856g",0.72998,vegetables
692,"cauliflower, mix",0.264394,Vegetables
693,"Wheat flour, self-raising",0.71878192,flour and pie dough
694,"Frozen Tomato coulis, canned (tomato puree semi-reduced 11%)",0.623531,vegetables
695,"Haricot bean, dry",0.55573526,pulses
696,"oranges 3"" diameter 761g",0.321559,fruits
697,APPLE BETTY,0.363983,Desserts sweets
698,lentils,1.03,Vegetables
699,cranberry sauce sweetened,0.9,Fruits
700,spinach,0.48,Vegetables
701,"Fruit soft drink, carbonated (less than 10% of fruit juice), without sugar and with artificial sweetener(s), serving",0.43142,soft drinks
702,Premium peanut butter,1.080042,Seeds and Nuts
703,"Water, mineral, non-carbonated, MONT-BLANC",0.26707462,water
704,cream soups 484g,5.438507,Soups
705,"Fresh Wheat flour, type 65",0.767066,flour and pie dough
706,Mineral sparkling water (Vernet) bottled lightly mineralized,,water
707,steamed tapioca cream pudding,5.483465,Desserts sweets
708,uncreamed,5.34,Dairy products
709,"sardines, with sauce",0.849951,Fish Seafood
710,"Mineral still water (St-Antonin), bottled, strongly mineralized",0.26707462,water
711,"grilled Mineral sparkling water (Orezza), bottled, averagely mineralized",0.295032,water
712,lemon meringue,0.22,Desserts sweets
713,"Frozen Carrot, frozen, raw",0.706919,vegetables
714, Bran grain bread,0.67754,bread and viennoiseries
715,tomatoes,0.48,Vegetables
716,"Frozen flageolet bean, frozen",0.494236,pulses
717,"Wheat flour, type 55 (for pastry)",0.71878192,flour and pie dough
718,"Spring water (Ogeu), bottled, lightly mineralized",0.26707462,water
719,"Taro, tuber, raw",0.62996196,potatoes and other tubers
720,almonds ,1.944884,Seeds and Nuts
721,"Carambola, pulp, raw, without sugar",0.578721,fruits
722,"boiled Mineral sparkling water (St-Alban), bottled, averagely mineralized",0.265465,water
723,"Bread (baguette or ball), made with type T55-T110 flour",,bread and viennoiseries
724,"Frozen Carrot juice, pure juice",0.271099,soft drinks
725,"Broad bean, without peal, frozen, water boiled",0.50378806,pulses
726,"Rye bread, and wheat",0.66989098,bread and viennoiseries
727,"Mineral sparkling water (Vals), bottled, averagely mineralized, pack",0.26863,water
728,,0.771388,vegetables
729,"Ware potato, boiled/cooked in water, peeled",0.64971087,potatoes and other tubers
730,"Mineral sparkling water (Ogeu), bottled, lightly mineralized",0.26707462,water
731,"Shallot, raw",,vegetables
732,"Mineral still water (Amanda), bottled, strongly mineralized",0.26707462,water
733,"raw Soup, mixed vegetables, prepacked, to be reheated",0.556319,Soups
734,"Ready-to-eat New potato, raw",0.37686,potatoes and other tubers
735,"fried Mineral still water (Chaudfontaine), bottled, lightly mineralized",0.241741,water
736,"pears, family size",0.281386,Fruits
737,"grilled Pomegranate, pulp and pips, raw",0.505486,fruits
738,"French bean, frozen, raw, without sugar",0.690503,vegetables
739,"Soup, leek and potato, prepacked, to be reheated, without sugar",0.441615,Soups
740,"Mineral sparkling water (Orezza), bottled, averagely mineralized",0.26707462,
741," Celery stalk, raw",0.699846,vegetables
742,"Lentil, blond, cooked ",0.363042,pulses
743,"Dried Jerusalem artichoke, raw",0.595509,potatoes and other tubers
744,"Kumquat, without pips, raw",0.53645068,fruits
745,Apricot nectar,0.33195912,soft drinks
746,"grilled Tomato, green, raw",0.661043,vegetables
747,"Energy drink, with sugar",0.4710064,soft drinks
748,"Mineral still water (Biovive), bottled, lightly mineralized",,water
749,Turnip cabbage raw,0.47924,vegetables
750,"roasted Fruit soft drink, carbonated (less than 10% of fruit juice), without sugar and with artificial sweetener(s)",0.47205,soft drinks
751,"Tonic drink, without sugar, with artificial sweetener(s)",0.51122506,soft drinks
752,cucumbers,0.32,Vegetables
753,olive oil 390g,4.612502,Fats Oils Shortenings
754,"Mineral still water (Christinen Brunnen), bottled, averagely mineralized",0.26707462,water
755,"Cauliflower, raw, low fat",0.618285,
756,"Mineral still water (Abatilles), bottled, lightly mineralized",0.26707462,water
757,"Mineral still water (Sail-les-Bains), bottled, lightly mineralized",0.26707462,water
758,cream cheese,5.34,Dairy products
759,"Local Bread, French bread, baguette",0.581462,bread and viennoiseries
760,"steamed Mineral still water (La Cairolle), bottled, strongly mineralized",0.245281,water
761,"Haricot beans with tomato sauce, canned",0.58560135,mixed dishes
762,"Tomato, cherry, raw",0.58155648,vegetables
763," Yam or Indian potato, peeled, boiled/cooked in water",0.62758,potatoes and other tubers
764,"Plantain banana, raw, pack",0.717699,vegetables
765,"oranges 3"" diameter",0.35,Fruits
766,roasted peanut butter,1.051288,Seeds and Nuts
767," Kumquat, without pips, raw",0.528216,fruits
768,"fried Energy drink, with sugar",0.554538,soft drinks
769,"lentils, portion",1.101262,Vegetables 
770,"Salt, white, for human consumption (sea, igneous or rock), iodine added, no other enrichment",0.6040639,salt
771,,0.283581,Water
772,wheat germ,0.684287,Breads cereals fastfoodgrains
773,peanut butter natural 612g,1.211247,Seeds and Nuts
774,"Fresh Soup, mixed vegetables, dehydrated and reconstituted",0.458069,soups
775,"Oat bran, pack",0.757516,various ingredients
776,Premium european as muscat tokay,0.52322,Fruits
777,"Squash, butternut, pulp, raw",0.61884889,vegetables
778,"grilled Mineral still water (Treignac), bottled, very lightly mineralized",0.269312,water
779,prepacked cucumbers,0.352625,Vegetables
780,"grilled Cassava or manioc, roots, raw",0.564158,potatoes and other tubers
781,bean sprouts,0.67,
782,"Canned Yam or Indian potato, peeled, boiled/cooked in water",0.766646,Potatoes And Other Tubers
783,"Fruit soft drink, still (10-50% of fruit juice), with sugar",0.560211,soft drinks
784,soybeans,0.67,Vegetables
785,"Fresh Mineral still water (Chantemerle), bottled, lightly mineralized",0.218514,water
786,"CARROT JUICE, PURE JUICE",0.393369,soft drinks
787,"Mineral still water (Néro), bottled, lightly mineralized",0.26707462,water
788,"Organic Mineral still water (Chambon), bottled, lightly mineralized",0.243667,water
789,"Fruit juice, mixed - apple base, standard",0.71837052,soft drinks
790,european as muscat tokay,0.58,Fruits
791,"Premium Brown bread, French bread (baguette or ball), with flour type 80 or 110",0.618196,bread and viennoiseries 
792,"Ware potato, boiled/cooked in water, peeled, with sauce",0.786567,Potatoes And Other Tubers
793,heated peas 513g,0.660956,Vegetables
794,"Mineral sparkling water (Hydroxydase), bottled, strongly mineralized, serving",0.23615,water
795, soybeans,0.707906,Vegetables
796,"prepacked Pear, canned in light syrup, not drained",0.45922,fruits
797,Carrot raw,0.359642,vegetables
798,"Local Soup for baby, with vegetables and potatoes",0.577128,small salted pots and infant dishes
799,"Mixed Red Fruits Juice, Pure Juice",0.676169,soft drinks
800,Maize/corn bran,0.47998178,various ingredients
801,"Dried Pomegranate, pulp and pips, raw",0.515834,fruits
802,chocolate fudge,6.6,Desserts sweets
803,"Homemade Tamarind, mature fruit, pulp, raw",0.508662,Fruits
804,Ready-to-eat Maize/corn flour,0.845591,flour and pie dough
805,"Canned Bread (baguette or ball), made with type T55-T110 flour",0.742714,bread and viennoiseries
806,Homemade rye,0.384133,Breads cereals fastfoodgrains
807,roasted wheat meal cereal unrefined,0.763112,Breads cereals fastfoodgrains
808,"raw Cola, with sugar",0.551503,soft drinks
809,"Pomegranate, pulp and pips, raw",0.48557222,fruits
810,"kumquat, without pips, raw",0.526984,fruits
811,steamed mayonnaise,2.011689,Fats Oils Shortenings
812,"Red kuri squash, pulp, raw",0.59451138,
813,"Cola, without sugar, with artificial sweetener(s) and with caffeine",0.51122506,soft drinks
814,"durum wheat pre-cooked, whole grain, cooked, to pan-fry",0.476841,mixed dishes
815,"Organic Mineral sparkling water (Quézac), bottled, averagely mineralized",0.246136,water
816,"roasted Grape juice, pure juice",0.452723,soft drinks
817, bean soups,0.528252,Soups
818,"boiled Soup, split peas, prepacked, to be reheated",0.476492,soups
819,"oranges 3"" diameter 484g",0.297453,
820,"split-pea soup, portion",0.576221,
821,"Green tea, brewed, without sugar",0.039161353,soft drinks
822,,0.326438,water
823,"rye bread, and wheat",0.679561,bread and viennoiseries
824,"lemonade, without sugar, with artificial sweetener(s)",0.531547,soft drinks
825,celery,0.32,Vegetables
826,"Polenta or maize semolina, cooked, unsalted",0.827567,"pasta, rice and cereals"
827,"Mineral sparkling water (St-Yorre), bottled, strongly mineralized",0.26707462,water
828,"Homemade Pearled barley, boiled/cooked in water, unsalted",0.704797,"pasta, rice and cereals"
829,potatoes mashed with milk and butter,0.25,Vegetables
830,"Turnip, peeled, raw 209g",0.360122,
831,COCONUT MILK OR COCONUT CREAM,0.467171,soft drinks
832,whole-wheat,0.67,Breads cereals fastfoodgrains
833,"Soup for baby, with vegetables and potatoes, low fat",0.456481,small salted pots and infant dishes
834,"Fruit cocktail or salad, canned in syrup, not drained",0.62644903,fruits
835,"boiled Fruits compote, miscellaneous",0.766776,fruits
836,"Smoothie, portion",0.605246,soft drinks
837,"Soup, tomato and vermicelli, dehydrated and reconstituted",0.53963209,soups
838,"boiled White bean stew, canned",0.92033,mixed dishes
839,"Prickly pear, pulp and seeds, raw, family size",0.367235,fruits 
840,"Mineral sparkling water (Ardesy), bottled, strongly mineralized, pack",0.268028,water
841,"Mineral sparkling water (Chateauneuf), bottled, strongly mineralized",0.26707462,water
842,"Green endive, raw",0.62544862,vegetables
843,"boiled Polenta or maize semolina, cooked, unsalted",0.606797,"pasta, rice and cereals"
844,ice cream,1.02,Dairy products
845,"Ready-to-eat Rye flour, type 170",0.659002,flour and pie dough
846,orange juice,0.62,Fruits
847,fried Khorasan wheat,0.519288,"Pasta, Rice And Cereals"
848,"soup, leek and potato, prepacked, to be reheated",0.383941,soups
849,cranberry sauce sweetened 693g,0.82162,Fruits
850,"Bread, French bread (baguette or ball), with yeast",0.6599294,bread and viennoiseries
851,"Mineral still water (Didier), bottled, strongly mineralized, low fat",0.248186,water
852,"Breadfruit, raw",0.42500525,potatoes and other tubers
853,"Mineral water (Mont-Roucous, bottled, very lightly mineralized",0.26707462,water
854,"Almond drink not sweet, not fortified, prepacked",0.37161937,soft drinks
855,"lemon meringue, mix",0.206014,Desserts sweets
856,"Quince, raw, without sugar",0.435412,fruits
857,"steamed Lemonade, with sugar",0.496697,soft drinks
858,peppers with beef and crumbs,0.58,Vegetables
859,"Grape juice, pure juice, without sugar",0.400815,soft drinks
860,"Barley, whole, raw 371g",0.733235,"pasta, rice and cereals"
861,PEPPERS CANNED,0.438069,Vegetables
862,"Grape, white, raw",0.45672809,fruits
863,"Swiss chard, raw 209g",0.463673,vegetables
864,"prepacked Squash, all types, raw",0.636817,vegetables
865,"Broad bean, fresh, frozen",0.50378806,pulses
866,"Mineral sparkling water (Badoit), bottled, averagely mineralized",0.26707462,water
867,"grilled Taro, tuber, raw",0.613399,potatoes and other tubers
868,"raw Mineral sparkling water (Badoit), bottled, averagely mineralized",0.28284,water
869,"Brown bread, French bread (baguette or ball), with flour type 80 or 110",0.68666587,bread and viennoiseries
870,,0.68666587,bread and viennoiseries
871,"Bread, wholemeal or integral bread (made with flour type 150)",0.68858077,bread and viennoiseries
872,olives large 244g,0.607344,Fruits
873,"Mineral still water (Hépar), bottled, strongly mineralized",0.26707462,
874,"Mineral still water (Montcalm), bottled, very lightly mineralized",0.26707462,water
875,"Brown bread, French bread (baguette or ball), with flour type 80 or 110, without sugar",0.618645,Bread And Viennoiseries
876,ice cream,1.221344,dairy products
877,"(1/2 cup ice cream), without sugar",0.989527,Dairy Products
878,"Apple, pulp, raw 898g",0.299537,
879,"Premium Romanesco cauliflower or romanesco broccoli, raw",0.961469,vegetables
880,"Mineral sparkling water (Volvic active), bottled, lightly mineralized",0.26707462,water
881,"Mango nectar, without sugar",0.650637,soft drinks
882,"Pummelo, pulp, raw",0.76992358,fruits
883,grilled Banana nectar,0.495198,soft drinks
884,figs canned with syrup ,0.31,Fruits
885,"Radish, black, raw",0.60184735,vegetables
886,Khorasan wheat,0.53142619,"pasta, rice and cereals"
887,"Dried pasta, gluten-free, cooked, unsalted, with sauce",0.819133,"pasta, rice and cereals"
888,"Salt, white, for human consumption (sea, igneous or rock), no enrichment, family size",0.487162,salt
889,PEARS,0.254991,Fruits
890,"Soup, carrots, prepacked, to be reheated",0.45026808,soups
891,Lemonade Concentratefrozen,0.239984,fruits
892,raw Topping sauce for pizza,0.677853,culinary aids
893,"Canned Apple, pulp and peel, raw",0.380209,Fruits
894,"fried Mineral still water (Amanda), bottled, strongly mineralized",0.293126,water
895,"Ready-to-eat Broad bean, fresh, frozen",0.616583,pulses
896,"Soup, tomatoes and vermicelli, prepacked, to be reheated, mix",0.62095,soups
897,"Tomato, Green, Raw",0.784711,vegetables
898,"Wheat Flour, Type 65",0.820513,flour and pie dough
899,"Mineral sparkling water (Vichy Célestins), bottled, strongly mineralized 555g",0.304501,water
900,"Mineral still water (Courmayer), bottled, strongly mineralized 156g",0.207118,water
901,,0.485582,soft drinks
902,Fruit-based beverage for baby from 4/6 months,0.79443821,milk and baby drinks
903,"Curly kale, raw",0.72817912,vegetables
904,"Homemade Sweet potato, raw",0.24737,potatoes and other tubers 
905,"Nectarine, pulp and peel, raw",0.63736976,fruits
906,Syrup for canned fruits in syrup,0.72893229,various ingredients
907,"Canned Soup, pistou (basil, garlic and olive oil), dehydrated and reconstituted",0.498131,soups
908,pumpkin pie,0.38,Desserts sweets
909,pears,0.29,Fruits
910,"Country-style bread, French bread (baguette or ball) 559g",0.715529,bread and viennoiseries
911,Dried processed cheese,8.683122,Dairy products
912,"puffed wheat presweetened, single serve",0.516172,Breads cereals fastfoodgrains
913,"Dried Mandarin, pulp, raw",0.399436,fruits
914,"Celeriac, puree",0.631843,vegetables
915,"Mineral sparkling water (Puits St Georges), bottled, averagely mineralized 316g",0.300058,water
916,"White cabbage, raw",0.66082048,vegetables
917,"Soup, lentils, prepacked, to be reheated",0.46338981,soups
918,"raw Tomato coulis, canned (tomato puree semi-reduced 11%)",0.492149,vegetables
919,"Mineral sparkling water (Vichy Célestins), bottled, strongly mineralized",0.26707462,water
920,"Mineral still water (La Française), bottled, strongly mineralized",0.26707462,water
921,"Lemon, pulp, raw 689g",0.740381,fruits
922,"boiled wheat pancakes 4"" diam.",0.675428,Breads cereals fastfoodgrains 
923,"Tamarind, mature fruit, pulp, raw, without sugar",,Fruits
924,apples raw 967g,0.289921,
925,"Morel, raw",0.4937144,vegetables
926,"cooked Salsify, black, raw",0.575616,vegetables
927,wheat meal cereal unrefined,0.67,Breads cereals fastfoodgrains
928,"tapioca cream pudding, meal",5.45968,Desserts sweets
929,steamed scalloped with cheese potatoes,6.978585,
930,"Ready-to-eat Spinach, young leaves, raw",0.415424,vegetables
931,"Canned Mineral sparkling water (Aziac), bottled, lightly mineralized",0.297818,water
932,"Local Still soft drink with tea extract, flavoured, without sugar and with artificial sweeteners",0.473304,soft drinks
933,"Horseradish, Fresh",,herbs
934,"Durum wheat pre-cooked, whole grain, cooked, unsalted",0.61000667,"pasta, rice and cereals"
935,grilled lemonade concentratefrozen,0.20714,Fruits
936,"Soup, chicken and vegetables, dehydrated and reconstituted",0.13310224,soups
937,Homemade Mango nectar,0.601154,soft drinks
938,Vegetable dish for baby with starch from 6-8 months,0.716286,small salted pots and infant dishes
939,"Mineral still water (Vittel), bottled, averagely mineralized, without sugar",0.242834,water
940,"Mineral sparkling water (San Pellegrino), bottled, averagely mineralized, family size",0.267243,water
941,"Fruits compote, miscellaneous, reduced sugar, pack",1.012198,fruits
942,"Jerusalem artichoke, raw",0.50487197,
943,"steamed Mixed red fruits juice, pure juice",0.689433,Soft Drinks
944,raw Maize/corn flour,0.827258,flour and pie dough
945,"grilled Lemon, pulp, raw",0.790749,fruits
946,"Mineral sparkling water (Ste-Marguerite), bottled, averagely mineralized ",,water
947,"fried Sugar, vanilla flavoured",0.595396,sugar and honey
948,"Soup, carrots, prepacked, to be reheated, family size",0.448835,soups
949,CELERY SALT,0.585756,salt
950," Soup, tomatoes, dehydrated and reconstituted",,soups
951,"Bottled water, flavoured, without sugar and with artificial sweeteners",0.38633289,soft drinks
952,"fruit soft drink, carbonated (less than 10% of fruit juice), with sugar and artificial sweetener(s)",0.480352,soft drinks
953,"roasted Broad bean, fresh, frozen",0.546769,pulses
954,gingerbread 100g,0.723868,Desserts sweets
955,"Rye flour, type 130",0.64470181,flour and pie dough
956,"fried Mineral still water (Montcalm), bottled, very lightly mineralized",0.27852,water
957,"potatoes mashed with milk and butter, serving",0.22513,Vegetables
958,"Mineral still water (Biovive), bottled, lightly mineralized, with sauce",0.24862,water
959,"Potato, sautéed/pan-fried, with goose fat",0.67343572,potatoes and other tubers
960," Not instant coffee, without sugar, ready-to-drink",0.619737,soft drinks
961,potato chips,0.25,Vegetables
962,"uncreamed, portion",5.776706,dairy products
963,"Fresh Sugar, white",0.566294,sugar and honey
964,"Mineral still water (Plancoet), bottled, lightly mineralized",0.26707462,water
965,"Sea salt, grey, no enrichment",0.6040639,salt
966,"French bean, puree",0.75764983,vegetables
967,pineapple juice,0.31,Fruits
968,"cooked Tamarind, mature fruit, pulp, raw",0.412047,fruits
969,grilled figs canned with syrup ,0.265349,
970,"Mineral still water (Chaudfontaine), bottled, lightly mineralized",0.26707462,water
971,"oatmeal, with sauce",0.560992,Breads cereals fastfoodgrains
972,"Canned Grape juice, pure juice",0.368929,soft drinks
973,apple betty,0.31,Desserts sweets
974," Cola, with sugar and artificial sweetener(s)",,soft drinks
975,"almonds, single serve",1.642576,Seeds And Nuts
976,raisins,0.612529,Fruits
977,almonds,1.9,Seeds and Nuts
978,prepacked apple juice canned,0.314249,Fruits
979,"Frozen Fruit juice, mixed - apple base, standard",0.770611,soft drinks
980,"Bread, French bread, without salt",0.68666587,bread and viennoiseries
981,"Mineral still water (Volvic), bottled, lightly mineralized",0.26707462,water
982,"Mineral still water (St-Amand), bottled, averagely mineralized",0.26707462,water
983,"Pear, pulp and peel, raw",0.36428259,fruits
984,"Mineral still water (Chambon), bottled, lightly mineralized",0.26707462,water
985,"fruit soft drink, still (10-50% of fruit juice), reduced sugar",0.53191,soft drinks
986,lemon juice,0.22,Fruits
987,"Ready-to-eat Pummelo, pulp, raw",0.696702,fruits
988,"Curly endive, raw",0.62544862,vegetables
989,"fried Rye flour, type 85",0.691923,flour and pie dough
990,"TURNIP, PEELED, RAW",0.363512,
991,"grilled Bread, home-made, with flour for home-made bread preparation",0.773499,bread and viennoiseries
992,"boiled Tomato, in season, raw",0.541385,vegetables
993,"Sweet Potato, Raw",0.232453,Potatoes And Other Tubers
994,"prepacked Fruit soft drink, carbonated (less than 10% of fruit juice), without sugar and artificial sweetener(s)",0.395961,soft drinks
995,"Cucumber, pulp and peel, raw, without sugar",0.497597,vegetables
996,"raw Mineral sparkling water (Chateauneuf), bottled, strongly mineralized",,water
997,"Red kuri squash, pulp, raw 594g",0.61866,vegetables
998,"raw Fruit soft drink, still (less than 10% of fruit juice), with sugar",0.509178,soft drinks
999,"Plantain banana, raw, mix",0.852377,vegetables
1000,"Rye flour, type 170, pack",0.610329,flour and pie dough
1001,"Mineral still water (Treignac), bottled, very lightly mineralized",0.26707462,water
1002,"Mung bean, sprouted or soy spouts, raw",0.76878086,vegetables
1003,"roasted Mung bean, cooked",0.461246,pulses
1004,"cooked Grape juice, pure juice",0.470447,soft drinks
1005,cauliflower,0.32,Vegetables
1006,Smoothie,0.69418065,soft drinks
1007,"Wheat bulgur, cooked, unsalted",0.48323825,"pasta, rice and cereals"
1008,Local cod,2.976974,fish seafood
1009,"roasted Beans, mung, mature, seeds, dry",0.64177,pulses
1010," Mineral still water (St-Antonin), bottled, strongly mineralized",0.267491,water
1011,Coconut milk or coconut cream 838g,0.477437,soft drinks
1012,"Turnip cabbage, raw",0.45812589,vegetables
1013,"Rye Flour, Type 85",0.644085,flour and pie dough
1014,"broth, stock or bouillon, poultry",0.139921,soups
1015,"MINERAL SPARKLING WATER (AZIAC), BOTTLED, LIGHTLY MINERALIZED",0.237973,water
1016,"Frozen Cucumber, pulp and peel, raw",0.58007,vegetables
1017,steamed potatoes baked,0.258147,Vegetables
1018,Homemade wheat (whole),0.682084,Breads cereals fastfoodgrains
1019,"Mineral sparkling water (Chateldon), bottled, strongly mineralized, low fat",0.239012,water
1020,"prepacked Mineral still water (Beckerich), bottled, lightly mineralized",0.235618,water
1021,"Cola, with sugar and artificial sweetener(s), family size",0.449723,soft drinks
1022,"Frozen Radish, black, raw",0.627965,vegetables
1023,"raw Mineral still water (Avra), bottled, lightly mineralized",0.313275,water
1024,"Ready-to-eat Brown bread, French bread (baguette or ball), with flour type 80 or 110",0.694586,bread and viennoiseries
1025,"Frozen Mineral still water (Chambon), bottled, lightly mineralized",0.20558,water
1026,"Squash, spaghetti, pulp, raw",0.61884889,vegetables
1027, Orange nectar,0.872551,soft drinks
1028,Orange nectar,0.77876867,
1029,"Fruit soft drink, carbonated (less than 10% of fruit juice), without sugar and artificial sweetener(s) 435g",0.376437,soft drinks
1030," Mineral sparkling water (St-Alban), bottled, averagely mineralized",0.275229,water
1031,"Mineral still water (Vittel), bottled, averagely mineralized",0.26707462,water
1032,"Parsnip, raw ",0.491434,vegetables 
1033,cooked bacon,4.170135,Meat Poultry
1034,"Strawberry, in-season, raw, without sugar",0.378992,fruits
1035,"Rye bread, and wheat, meal",0.621522,bread and viennoiseries
1036,bean soups,0.67,Soups
1037,"Dried Apple, pulp and peel, raw",0.351794,fruits
1038,Soy sauce prepacked,0.724645,
1039,Instant Smoothie,,soft drinks
1040,"Country-style bread, French bread (baguette or ball), single serve",0.646979,bread and viennoiseries
1041,"Barley, whole, raw",0.78669561,"pasta, rice and cereals"
1042,"Mineral sparkling water (Reine des basaltes), bottled, averagely mineralized",0.26707462,water
1043,"Frozen Mineral still water (Biovive), bottled, lightly mineralized",0.312033,water
1044,"Fruit soft drink, carbonated (10-50% of fruit juice), with sugar 106g",0.298025,soft drinks
1045,"Sugar, white, portion",0.673776,sugar and honey
1046,"Premium Rusk, slice, wheat",0.71044,bread and viennoiseries
1047,heated peas,0.58,Vegetables
1048,pineapple crushed,0.31,Fruits
1049,"Local Carrot juice, pure juice",0.360332,soft drinks
1050,"Local Mineral still water (Vauban), bottled, averagely mineralized",0.231612,water
1051,"Rolls for hamburger/hotdog (buns), wholemeal, prepacked ",0.740151,bread and viennoiseries
1052,milk chocolate,3.6,Desserts sweets
1053,"Premium Mix of cereals and legumes, raw",0.886678,"pasta, rice and cereals"
1054,"Spinach, puree, single serve",0.826284,vegetables
1055,"Bread, French bread, baguette, unsalted",0.68666587,bread and viennoiseries
1056,"cod, portion",3.160639,Fish Seafood
1057,"Tomato, raw",0.70339467,vegetables
1058,"Lemonade, with sugar",0.51122506,soft drinks
1059,"Apple juice, pure juice",0.50060083,soft drinks
1060,"Soup for baby, with vegetables and potatoes",0.52963323,small salted pots and infant dishes
1061,"Ready-to-eat Mineral sparkling water (Arcens), bottled, averagely mineralized",0.260567,water
1062,cheese,8.807784,Dairy products
1063,"Fruit Soft Drink, Carbonated (Less Than 10% Of Fruit Juice), Without Sugar And Artificial Sweetener(S)",0.344682,soft drinks
1064,"fried Fruit soft drink, still (fruit juice content unspecified), with sugar",,soft drinks
1065,"Dried Apple juice, pure juice",0.52035,soft drinks
1066,"Tarragon, fresh",0.68984205,herbs
1067,"roasted Strawberry, raw",0.505451,fruits
1068,"Ready-to-eat Mineral still water (Néro), bottled, lightly mineralized",0.215975,water
1069,lobster,19.3,Fish Seafood
1070,"Squash, all types, raw",0.61884889,vegetables
1071,"Chick pea, cooked",0.43492692,pulses
1072,"Pear, canned in light syrup, not drained, meal",0.510192,fruits
1073,"cooked Broad bean, fresh, frozen",0.510781,pulses
1074,chocolate creams,6.6,Desserts sweets
1075,"energy drink, with sugar",0.471585,soft drinks
1076,"Red kidney bean, cooked 636g",0.471349,pulses
1077,potatoes pan-tried 877g,0.304373,vegetables
1078,"Mineral sparkling water (St-Yorre), bottled, strongly mineralized 187g",0.278087,water
1079,"Mineral sparkling water (Arcens), bottled, averagely mineralized",0.26707462,water
1080,,0.314047,water
1081,"peanut butter, low fat",1.070387,Seeds and Nuts
1082,"Water, mineral, non-carbonated, EDEN",0.251555,water
1083,raw cod,3.396776,fish seafood
1084,with tomatoes and cheese,9.29,Breads cereals fastfoodgrains
1085,"banana, low fat",0.388419,Fruits
1086,ginger ale,0.88,DrinksAlcohol Beverages
1087,Maize/corn flour,0.74353983,flour and pie dough
1088,"Oat-based drink, plain, prepacked",0.53528566,soft drinks
1089,"roasted Mineral sparkling water (Ogeu), bottled, lightly mineralized",0.307678,water
1090,"roasted Mineral still water (St-Antonin), bottled, strongly mineralized",0.276565,water
1091,"Sweet potato, cooked 854g",0.749958,potatoes and other tubers
1092,"Mixed diced vegetables, frozen, serving",0.869525,vegetables
1093,spinach,0.536167,Vegetables
1094,"steamed Watermelon, pulp, raw",0.581553,fruits
1095,"Pear, peeled, raw",0.36428259,
1096,Instant pineapple,0.273635,Fruits
1097,tomato juice,0.462777,Vegetables
1098,"Wheat flour, type 65",0.71878192,flour and pie dough
1099,"FRUIT SOFT DRINK, STILL (LESS THAN 10% OF FRUIT JUICE), WITH SUGAR",0.598057,soft drinks
1100,"Strawberry, in-season, raw",0.47706578,fruits
1101,"Strawberry, raw",0.49649032,fruits
1102,"Local Mineral still water (Sail-les-Bains), bottled, lightly mineralized",0.275329,water
1103,"Water, bottled, family size",0.277552,water
1104,,0.541088,Fruits
1105,"Rice-based drink, plain, pack",0.390355,Soft Drinks
1106,"cooked Mineral still water (Wattwiller), bottled, lightly mineralized",0.323656,water
1107,"Mineral still water (Spa-Reine), bottled, averagely mineralized",0.26707462,water
1108,"Mineral sparkling water (San Pellegrino), bottled, averagely mineralized",0.26707462,water
1109,"Lentil, pink or red, cooked",0.40070383,pulses
1110,"Couscous (durum wheat semolina pre-cooked with steam), cooked, unsalted, mix",0.764091,"pasta, rice and cereals"
1111,peaches,0.43,Fruits
1112,"Mineral still water (Valvert), bottled, lightly mineralized",0.26707462,water
1113," Rye, whole, raw",0.584139,"pasta, rice and cereals "
1114,wheat germ,0.67,Breads cereals fastfoodgrains
1115,"Sweet potato, cooked, pack",0.588304,potatoes and other tubers
1116,"Tomato juice, pure juice (average)",0.49791655,soft drinks
1117,"wheat cooked, serving",0.586605,Breads cereals fastfoodgrains
1118,"Frozen Grape juice, pure juice",0.442546,
1119,Ready-to-eat split cooked peas,0.462204,Vegetables
1120,,0.26707462,water
1121,plums,0.27,Fruits
1122,"mineral water (san bernardo), bottled, very lightly mineralized",0.242918,
1123,Ready-to-eat shredded wheat biscuit,0.649129,Breads cereals fastfoodgrains
1124,"Organic Bottled water, flavoured, w sugar",0.360257,soft drinks
1125,"bean soups, pack",0.720967,Soups
1126,"Premium Spinach, frozen, raw",0.690075,vegetables
1127,"MINERAL STILL WATER (SAIL-LES-BAINS), BOTTLED, LIGHTLY MINERALIZED",0.299325,water
1128,"Soy sauce, prepacked",0.75260085,sauces
1129,"Energy drink, with sugar 730g",0.483863,soft drinks
1130,"Soy drink, flavoured, enriched in calcium, w sugar or fruit concentrate 769g",0.399945,soft drinks
1131,"Frozen Potato flakes, dehydrated, plain",0.823784,potatoes and other tubers
1132,Local walnuts,2.150977,Seeds and Nuts
1133,"Split pea, cooked, without sugar",0.38735,pulses
1134,Premium wheat germ,0.676999,Breads cereals fastfoodgrains
1135,"Soup, tomatoes and vermicelli, prepacked, to be reheated",0.58294,soups
1136,"Spinach, raw",0.39129915,vegetables
1137,"roasted Mineral sparkling water (Orezza), bottled, averagely mineralized",0.25265,water
1138,"Turnip cabbage, raw, without sugar",0.456218,vegetables
1139,"Soup, minestrone, prepacked, to be reheated, low fat",0.466884,
1140,"Instant Soy sauce, prepacked",0.654924,sauces
1141,fresh steamed peas,0.58,Vegetables
1142,"boiled Fruit soft drink, carbonated (less than 10% of fruit juice), without sugar and artificial sweetener(s)",0.330799,soft drinks
1143,"cooked Strawberry, raw",0.537377,fruits
1144,"Pumpkin (cucurbita moschata), pulp, raw",0.59451138,vegetables
1145,"Canned Mineral sparkling water (Didier), bottled, strongly mineralized",0.235329,Water
1146,olivesripe,,Fruits
1147,"Ready-to-eat Haricot beans with tomato sauce, canned",0.629847,mixed dishes
1148,Saccharin sweetener,0.78092676,sugar and honey
1149,pineapple,0.31,Fruits
1150,dates,0.6,Fruits
1151,"fried Cola, without sugar and with artificial sweetener(s)",0.561132,soft drinks 
1152,"Mango nectar, without sugar",0.576009,soft drinks
1153,uncreamed,5.370105,Dairy products
1154,"wheat pancakes 4"" diam.",0.67,Breads cereals fastfoodgrains
1155,"Fruit cocktail or salad, canned in light syrup, not drained",0.62644903,fruits
1156,"cooked Quince, raw",0.547048,Fruits
1157,"roasted Black tea, brewed, without sugar",0.034671,soft drinks
1158,PEPPERS WITH BEEF AND CRUMBS,0.504758,Vegetables
1159,"Bottled water, flavoured, without sugar and with artificial sweeteners 877g",0.421911,soft drinks
1160,"Tea, brewed, without sugar 304g",0.037063,soft drinks
1161,mayonnaise,2.04,Fats Oils Shortenings
1162,"Ready-to-eat Mineral water (Mont-Roucous, bottled, very lightly mineralized",0.269449,water 
1163,"Local Mineral sparkling water (Rozana), bottled, strongly mineralized",0.261124,water
1164,"fried Fruit soft drink, carbonated (less than 10% of fruit juice), without sugar and artificial sweetener(s)",0.440045,soft drinks
1165,"Peach, pulp and peel, raw 656g",0.609897,fruits
1166,Barley flour 200g,0.713572,flour and pie dough
1167,"Mineral still water (Néro), bottled, lightly mineralized 342g",0.346019,water
1168,"Mineral still water (Didier), bottled, strongly mineralized",0.26707462,water
1169,"soup, tomatoes, prepacked, to be reheated",0.341106,soups
1170,"prepacked Wheat flour, type 80",0.728557,flour and pie dough
1171,"Black tea, brewed, without sugar",0.039161353,soft drinks
1172,"Mineral water (San Bernardo), bottled, very lightly mineralized, low fat",0.208077,water
1173,tuna,4.68,Fish Seafood
1174,"european as muscat tokay, pack",0.441665,
1175,peanut butter natural,1.15,Seeds and Nuts
1176,"White bean stew, canned, without sugar",0.629772,mixed dishes
1177,Ready-to-eat pears,,Fruits
1178,"Lentil, blond, cooked",0.40070383,pulses
1179,prepacked Light syrup for canned fruits in syrup,,various ingredients
1180,wheat (all purpose),0.67,Breads cereals fastfoodgrains
1181,"Haricot bean, dry 796g",0.583307,pulses
1182,Organic cream soups,4.802229,Soups
1183,"Swiss chard, raw, mix",0.564485,vegetables
1184,Mineral still water (Aix-les-Bains) bottled lightly mineralized,0.35144,Water
1185,"Apricot, in syrup, canned, not drained",0.54492743,fruits
1186,"Durum wheat, pre-cooked, cooked, in a microwaveable bag",,mixed dishes
1187,"Coffee with milk or white coffee or cappuccino, instant coffee or not, without sugar, ready-to-drink",0.49800561,soft drinks
1188,"fried Rye flour, type 85",0.661256,flour and pie dough
1189,"cooked Soup for baby, with vegetables, cereals and milk",0.700875,small salted pots and infant dishes
1190,"Instant Ginger, raw",0.504229,spices
1191,tomato soup,0.48,Soups
1192,bacon,4.03,Meat Poultry
1193,"boiled Fruit soft drink, still (fruit juice content unspecified), with sugar",0.593603,soft drinks
1194,Mineral still water (Montcalm) bottled very lightly mineralized,0.27926,water
1195,apples raw,0.31,Fruits
1196,"Canned Potato, sautéed/pan-fried, with goose fat",0.761643,potatoes and other tubers
1197,,0.66805842,vegetables
1198,"Romanesco cauliflower or romanesco broccoli, raw",0.612073,vegetables
1199,pumpkin pie 806g,0.475413,Desserts sweets
1200,"Spinach, frozen, raw",0.75265763,vegetables
1201,"Fruit soft drink, still (10-50% of fruit juice), reduced sugar, family size",0.657101,soft drinks
1202,"Soy protein, textured, rehydrated, from soy flour",0.59378245,meat substitutes
1203,"Cola, with sugar and without caffeine",0.51122506,soft drinks
1204,"raw Celeriac, raw",0.392821,vegetables
1205,"Red endive, raw 925g",0.563738,vegetables
1206,cooked chocolate fudge,6.761143,Desserts sweets
1207,"Soup, cereals and vegetables, dehydrated and reconstituted",0.53963209,soups
1208,"Rolls for hamburger/hotdog (buns), wholemeal, prepacked",0.68085378,
1209,"Carrots, puree",0.66622288,vegetables
1210,"cooked Not instant coffee, without sugar, ready-to-drink",0.768624,soft drinks
1211,"Ready-to-eat Cucumber, pulp and peel, raw",0.477364,vegetables
1212,"Tomato, in season, raw",0.58155648,vegetables
1213,"Beetroot, raw",0.3643211,vegetables
1214,baked with cheese,9.29,Breads cereals fastfoodgrains
1215,,0.7579,fruits
1216,"Mineral still water (Clos de l'Abbaye), bottled, averagely mineralized",0.26707462,
1217,"Fresh Mung bean, cooked",0.381931,pulses
1218,"Lemon, pulp, raw 234g",0.753768,fruits
1219,"Onion, raw 332g",0.379361,vegetables
1220,"Mineral still water (Biovive), bottled, lightly mineralized",0.257425,water
1221,peas,0.58,Vegetables
1222,"Lime, pulp, raw",0.53149497,fruits
1223,fried scalloped with cheese potatoes,9.31055,Vegetables
1224,plums,0.329339,Fruits
1225,asparagus,0.97,Vegetables
1226,"Mineral sparkling water (Badoit), bottled, averagely mineralized 133g",0.284054,water
1227,"Water, mineral, carbonated ou non-carbonated, CAROLA, pack",0.271216,water
1228,"Radish, raw",0.60184735,vegetables
1229,"Pure sea salt, no enrichment",0.6040639,salt
1230,Frozen limeade concentrate frozen,0.175928,Fruits
1231,"Mung bean, cooked, single serve",,pulses
1232,"Apple, pulp and peel, raw",0.39651509,fruits
1233,walnuts,1.75,Seeds and Nuts
1234,"steamed Mineral still water (Propiac), bottled, strongly mineralized",0.280304,water
1235,"Lima bean, raw",0.76878086,vegetables
1236,walnuts 320g,1.642897,Seeds and Nuts
1237,"Canned Lemon, pulp, raw",0.590721,fruits
1238,"Sweet green hokkaido squash, pulp, raw",0.59451138,vegetables
1239,"raw Mineral sparkling water (Hydroxydase), bottled, strongly mineralized",0.272903,water
1240,"Instant Soup, watercress, prepacked, to be reheated",0.47559,soups
1241,Celery salt,0.6040639,salt
1242,"Bran grain bread, single serve",0.690909,bread and viennoiseries
1243,split cooked peas,0.58,Vegetables
1244,"Canned Mineral sparkling water (St-Alban), bottled, averagely mineralized",0.272567,water
1245,"MIXED RED FRUITS JUICE, PURE JUICE",0.539436,Soft Drinks
1246," Quince, raw",0.538646,fruits
1247,"Bottled water, flavoured, without sugar and with artificial sweeteners 980g",0.431559,soft drinks
1248,Baby food jar with banana 443g,0.670198,baby deserts
1249,"Mineral sparkling water (Hydroxydase), bottled, strongly mineralized 451g",0.25008,water
1250,"Tomato, green, raw",0.70339467,vegetables
1251,"Potato, peeled, raw",0.49375858,potatoes and other tubers
1252,limeade concentrate frozen,0.22,Fruits
1253,Bean Soups,0.632057,Soups
1254,"Strawberry, raw",0.46524,fruits 
1255,"Water, bottled",0.26707462,water
1256,potatoes baked 335g,0.268654,Vegetables 
1257,"Mineral sparkling water (Nessel), bottled, averagely mineralized",0.26707462,water
1258,apple vinegar,,Fruits
1259,"steamed Peach, pulp and peel, raw",0.533971,fruits
1260,,5.34,Soups
1261,,0.59418935,soft drinks
1262,"Mineral still water (Evian), bottled, lightly mineralized, meal",0.266682,water
1263,Milk Chocolate,2.991976,Desserts Sweets
1264,,0.490508,pulses
1265,mayonnaise 923g,2.099655,Fats Oils Shortenings
1266,"Premium Chive or spring onion, fresh",0.634622,herbs
1267,"Soup, pumpkin, prepacked, to be reheated, serving",0.677271,soups
1268,"Soft drink, carbonated, without fruit juice, with sugar",0.51122506,soft drinks
1269,"Ready-to-eat Mung bean, cooked",0.429695,pulses 
1270,"Mineral still water (Propiac), bottled, strongly mineralized",,water
1271,,0.533334,"pasta, rice and cereals"
1272,"Wheat flour, type 150",0.71878192,flour and pie dough
1273,"Fruit soft drink, carbonated (less than 10% of fruit juice), without sugar and with artificial sweetener(s)",0.38633289,soft drinks
1274,"Mineral still water (Vittel), bottled, averagely mineralized",0.249658,water
1275,BAGEL,0.641775,bread and viennoiseries
1276,"raw Fruit soft drink, still (fruit juice content unspecified), with sugar",0.52865,soft drinks
1277,"bean soups, mix",0.556204,Soups
1278,"Brussels sprout, raw",0.57581867,vegetables
1279,"Sugar, vanilla flavoured",0.61236596,sugar and honey
1280,"Apple, Canada, pulp, raw",0.39651509,fruits
1281,wheat-germ cereal toasted,0.67,Breads cereals fastfoodgrains
1282,"Canned Green endive, raw",0.605193,vegetables
1283,"TOMATO PUREE, CANNED",0.690478,vegetables
1284,"Mineral still water (Prince Noir), bottled, strongly mineralized, single serve",0.269005,water
1285,grapes,0.39,Fruits
1286,"Salsify, frozen, raw, single serve",0.591759,vegetables
1287,"Fresh Pure sea salt, no enrichment",0.626601,salt
1288,"Ginger, raw",0.45260902,spices
1289,"Mineral still water (Wattwiller), bottled, lightly mineralized",0.26707462,water
1290,roasted Mango nectar,0.620329,soft drinks
1291,"Decaffeinated not instant coffee, without sugar, ready-to-drink",0.63979393,soft drinks
1292,"Cassava or manioc, roots, raw",0.53380541,potatoes and other tubers
1293,"Homemade Mineral sparkling water (Perrier), bottled, lightly mineralized",0.215556,water
1294,"Grape, raw",0.45672809,fruits
1295,"Fruit soft drink, carbonated (less than 10% of fruit juice), with sugar and artificial sweetener(s)",0.43706088,soft drinks
1296,"FRUIT SOFT DRINK, CARBONATED (LESS THAN 10% OF FRUIT JUICE), WITHOUT SUGAR AND ARTIFICIAL SWEETENER(S)",0.357366,soft drinks
1297,grilled Smoothie,0.788025,soft drinks
1298,"Fruits compote, miscellaneous",0.78894356,fruits
1299,"Mineral still water (Chambon), bottled, lightly mineralized, with sauce",0.241535,water
1300,cooked wheat meal cereal unrefined,0.590436,Breads cereals fastfoodgrains
